,ux,uy,exx,eyy,exy,sxx,syy,sxy
Claude,0.005077180030569503,0.022314849751088862,0.026076994435771005,0.08881864123470846,0.06603390999062732,0.20679437909910045,0.8905752977883483,0.5499270653047126
DeepSeek,0.0007235254617795965,0.0009160284490659056,0.014767554805224315,0.018067225374395684,0.013120031565781598,0.16434697618272023,0.19564823239863258,0.054469662418457514
GPT5,0.000773815960037228,0.0009637880157381408,0.005311316479329831,0.006342066820229459,0.00949206460654368,0.046670938098631765,0.058738381865135664,0.03923445653394074
Grok,0.0007237129457516337,0.0009161426136258085,0.005151041447164663,0.01791479355483724,0.01969920737417014,0.06180763692371882,0.185529748468039,0.05471771151130061
