,ux,uy,exx,eyy,exy,sxx,syy,sxy
Claude,37.3322061071287,22.31484975108886,9.840375258781512,12.527311880776933,9.021025955003733,6.1545946160446565,11.52102584460994,17.971472722376227
DeepSeek,5.320040160144092,0.9160284490659056,5.572662190650685,2.5482687410995326,1.792354039041202,4.89127905305715,2.531024998688649,1.7800543274005722
GPT5,5.689823235567853,0.9637880157381407,2.0042703695584265,0.894508719355354,1.2967301375059672,1.389016014840231,0.7598755739344846,1.282171782154926
Grok,5.321418718762013,0.9161426136258085,1.943789225345156,2.526769189680852,2.691148548383899,1.839513003682108,2.400126112135045,1.7881605069052489
